506, 503, 511, 505, 503, 496, 516, 518, 510, 516, 533, 538, 520, 501, 493, 495, 497, 470, 510, 493, 526, 480, 495, 494, 495, 473, 504, 510, 528, 481, 503, 505, 502, 519, 517, 489, 501, 491, 490, 492, 515, 508, 485, 512, 523, 509, 495, 483, 507, 478, 516, 480, 499, 475, 518, 503, 521, 513, 491, 506, 494, 529, 516, 525, 497, 512, 476, 494, 466, 475, 504, 495, 494, 519, 494, 497, 495, 503, 487, 511, 477, 505, 502, 482, 499, 491, 482, 502, 529, 483, 486, 471, 507, 470, 492, 492 
493, 490, 497, 499, 496, 490, 483, 498, 511, 506, 503, 488, 536, 547, 530, 471, 499, 501, 494, 519, 518, 460, 499, 511, 523, 499, 502, 526, 485, 509, 508, 485, 510, 511, 484, 488, 501, 500, 523, 502, 497, 486, 461, 498, 507, 495, 471, 498, 507, 490, 503, 517, 476, 526, 523, 485, 508, 527, 467, 530, 496, 468, 505, 496, 493, 503, 495, 490, 524, 534, 475, 508, 501, 508, 514, 499, 510, 504, 522, 523, 526, 484, 500, 485, 499, 497, 497, 483, 506, 476, 501, 512, 473, 503, 518, 505 
498, 498, 492, 526, 502, 523, 504, 503, 514, 497, 493, 519, 509, 503, 490, 498, 497, 501, 491, 487, 476, 494, 517, 509, 522, 493, 491, 511, 519, 505, 461, 504, 536, 486, 525, 519, 520, 508, 517, 528, 519, 485, 502, 482, 526, 509, 487, 495, 522, 492, 511, 496, 500, 511, 507, 512, 524, 498, 505, 514, 478, 520, 516, 504, 501, 500, 485, 489, 465, 506, 492, 517, 495, 500, 524, 490, 499, 464, 517, 494, 526, 523, 545, 519, 532, 516, 494, 495, 514, 505, 493, 468, 505, 504, 493, 470 
473, 477, 501, 532, 474, 488, 498, 492, 531, 501, 514, 485, 454, 535, 501, 501, 524, 484, 511, 491, 505, 509, 492, 515, 505, 512, 504, 478, 512, 503, 479, 520, 494, 492, 504, 497, 518, 503, 521, 508, 517, 522, 522, 477, 505, 485, 517, 502, 506, 488, 489, 513, 517, 510, 501, 503, 515, 485, 495, 509, 513, 506, 532, 505, 481, 521, 489, 514, 494, 522, 493, 505, 503, 532, 503, 513, 517, 480, 531, 522, 485, 495, 503, 479, 539, 483, 503, 481, 477, 525, 501, 510, 501, 502, 507, 468 
517, 495, 499, 502, 505, 522, 483, 508, 501, 530, 487, 453, 492, 492, 467, 504, 504, 490, 467, 486, 484, 501, 467, 494, 493, 499, 501, 499, 504, 504, 528, 488, 515, 534, 471, 487, 502, 516, 526, 530, 514, 479, 490, 501, 561, 499, 492, 506, 512, 507, 508, 507, 484, 496, 541, 502, 503, 492, 520, 509, 510, 508, 510, 518, 492, 511, 479, 522, 491, 507, 510, 494, 492, 508, 486, 493, 530, 512, 492, 509, 499, 482, 513, 520, 462, 501, 498, 490, 463, 535, 526, 525, 488, 496, 527, 514 
502, 514, 497, 514, 483, 510, 475, 491, 517, 490, 502, 524, 526, 520, 538, 493, 491, 489, 499, 507, 520, 483, 496, 486, 514, 490, 444, 512, 482, 506, 477, 518, 490, 475, 548, 480, 508, 502, 522, 521, 499, 503, 493, 519, 512, 522, 511, 481, 479, 497, 527, 510, 510, 490, 532, 490, 485, 503, 505, 493, 502, 472, 476, 499, 479, 497, 493, 478, 493, 510, 468, 500, 506, 531, 501, 492, 467, 497, 496, 535, 501, 525, 501, 453, 481, 510, 510, 524, 496, 509, 507, 494, 505, 526, 518, 515 
520, 482, 503, 492, 499, 500, 511, 497, 496, 543, 501, 471, 483, 516, 509, 509, 459, 462, 484, 503, 480, 529, 479, 517, 494, 530, 495, 505, 468, 503, 483, 499, 490, 495, 495, 519, 494, 522, 513, 520, 486, 509, 505, 486, 499, 522, 489, 512, 477, 501, 505, 529, 494, 529, 490, 526, 513, 518, 515, 482, 507, 508, 518, 507, 501, 494, 496, 465, 493, 469, 504, 513, 511, 510, 506, 523, 471, 527, 474, 490, 502, 530, 508, 495, 505, 507, 500, 512, 452, 511, 519, 522, 508, 529, 499, 534 
513, 524, 489, 494, 508, 479, 493, 536, 494, 500, 506, 501, 503, 518, 517, 523, 479, 488, 486, 490, 495, 520, 522, 509, 481, 525, 516, 465, 500, 503, 493, 526, 519, 507, 485, 520, 494, 492, 498, 476, 503, 508, 491, 502, 479, 530, 489, 508, 483, 516, 500, 494, 519, 552, 481, 507, 502, 488, 508, 517, 510, 528, 519, 529, 501, 494, 520, 511, 512, 532, 473, 483, 480, 503, 509, 521, 507, 498, 468, 502, 504, 511, 463, 495, 499, 489, 492, 515, 486, 492, 514, 514, 511, 507, 485, 530 
516, 517, 499, 480, 485, 503, 559, 520, 476, 494, 514, 498, 495, 477, 481, 486, 494, 496, 526, 470, 484, 514, 489, 479, 525, 522, 519, 517, 505, 515, 526, 490, 500, 506, 528, 534, 506, 505, 488, 474, 523, 484, 490, 487, 527, 497, 503, 521, 477, 488, 481, 526, 496, 470, 503, 487, 533, 524, 497, 527, 493, 510, 493, 509, 527, 485, 508, 515, 481, 500, 517, 511, 515, 508, 512, 468, 498, 481, 508, 508, 511, 499, 494, 470, 503, 504, 490, 535, 516, 471, 485, 524, 506, 472, 475, 496 
504, 483, 492, 497, 528, 549, 481, 494, 506, 494, 498, 500, 487, 513, 520, 519, 482, 506, 478, 464, 522, 483, 525, 498, 467, 522, 515, 504, 505, 483, 500, 498, 489, 493, 529, 487, 490, 518, 517, 494, 492, 494, 487, 519, 513, 523, 490, 521, 513, 520, 507, 476, 501, 511, 509, 524, 490, 520, 527, 511, 521, 513, 534, 497, 504, 502, 502, 484, 516, 512, 515, 498, 511, 493, 509, 477, 494, 504, 479, 508, 507, 515, 530, 500, 493, 486, 487, 483, 484, 494, 488, 508, 505, 503, 510, 483 
523, 531, 515, 513, 488, 500, 496, 516, 508, 473, 476, 487, 467, 488, 531, 520, 491, 505, 507, 491, 475, 469, 512, 496, 510, 498, 513, 517, 496, 506, 512, 476, 501, 521, 515, 517, 503, 501, 496, 503, 512, 521, 487, 515, 509, 501, 513, 498, 515, 502, 534, 510, 497, 505, 518, 526, 496, 513, 489, 513, 479, 505, 510, 525, 541, 506, 471, 479, 500, 492, 530, 469, 541, 507, 530, 467, 508, 459, 493, 521, 530, 510, 499, 490, 495, 498, 489, 503, 509, 500, 504, 482, 511, 488, 529, 484 
497, 503, 514, 501, 485, 510, 466, 496, 495, 488, 473, 533, 497, 532, 501, 484, 487, 506, 534, 480, 498, 488, 529, 500, 504, 498, 462, 453, 487, 501, 481, 497, 505, 480, 476, 500, 514, 538, 520, 494, 506, 482, 503, 519, 505, 497, 496, 498, 472, 524, 531, 496, 499, 495, 513, 505, 525, 492, 544, 498, 506, 557, 546, 536, 502, 500, 529, 498, 495, 496, 505, 507, 492, 515, 545, 503, 506, 521, 491, 492, 497, 490, 502, 480, 505, 523, 505, 496, 504, 510, 490, 506, 480, 505, 527, 528 
499, 504, 492, 531, 478, 516, 522, 522, 546, 504, 520, 536, 483, 494, 509, 489, 497, 505, 515, 494, 501, 507, 507, 517, 509, 497, 479, 493, 486, 472, 490, 506, 462, 518, 498, 517, 523, 517, 511, 472, 523, 478, 480, 516, 506, 515, 516, 501, 485, 506, 476, 507, 480, 490, 532, 498, 515, 521, 484, 502, 478, 521, 539, 522, 510, 487, 525, 480, 528, 541, 490, 506, 523, 498, 529, 523, 494, 534, 495, 518, 518, 489, 475, 535, 511, 486, 468, 509, 507, 487, 536, 508, 487, 504, 493, 493 
493, 492, 461, 523, 507, 494, 502, 493, 498, 484, 508, 513, 477, 502, 511, 491, 476, 501, 506, 482, 502, 508, 531, 498, 537, 481, 482, 497, 508, 540, 489, 500, 498, 501, 485, 526, 492, 520, 518, 487, 480, 476, 495, 546, 495, 504, 508, 507, 494, 518, 507, 520, 509, 515, 473, 503, 520, 517, 541, 519, 544, 519, 544, 537, 528, 505, 482, 506, 495, 486, 529, 497, 513, 487, 500, 515, 521, 534, 501, 482, 530, 496, 537, 510, 512, 500, 534, 494, 522, 528, 476, 503, 515, 487, 497, 504 
484, 477, 509, 505, 527, 516, 538, 462, 534, 522, 515, 489, 526, 510, 529, 475, 486, 486, 509, 497, 523, 492, 510, 520, 498, 497, 487, 514, 503, 501, 530, 506, 502, 470, 465, 514, 501, 516, 495, 506, 490, 494, 520, 503, 477, 512, 517, 480, 514, 473, 489, 549, 502, 509, 517, 492, 503, 508, 512, 537, 504, 525, 549, 548, 498, 510, 490, 504, 511, 520, 474, 507, 500, 485, 481, 467, 507, 510, 511, 502, 509, 493, 519, 508, 487, 509, 485, 504, 537, 505, 508, 521, 479, 514, 498, 527 
502, 487, 506, 549, 495, 491, 482, 498, 503, 529, 509, 460, 501, 543, 525, 520, 503, 495, 494, 506, 502, 485, 493, 469, 518, 498, 493, 498, 477, 493, 522, 535, 499, 506, 486, 470, 537, 517, 517, 496, 502, 467, 500, 514, 467, 504, 519, 494, 474, 484, 470, 521, 494, 506, 500, 520, 521, 480, 493, 513, 542, 532, 534, 512, 494, 518, 502, 530, 522, 492, 534, 491, 510, 500, 519, 486, 553, 491, 498, 494, 488, 513, 498, 494, 502, 515, 489, 541, 502, 515, 488, 482, 521, 505, 515, 526 
501, 515, 523, 521, 491, 491, 508, 484, 512, 515, 468, 506, 516, 503, 498, 496, 515, 508, 497, 480, 497, 498, 481, 474, 512, 519, 524, 509, 486, 501, 537, 511, 463, 477, 503, 475, 475, 477, 493, 488, 508, 494, 497, 521, 504, 483, 520, 490, 503, 499, 527, 492, 515, 492, 516, 505, 535, 532, 541, 523, 520, 520, 517, 512, 462, 521, 498, 496, 499, 496, 519, 499, 513, 509, 504, 537, 507, 512, 501, 526, 520, 495, 528, 495, 511, 496, 542, 492, 520, 503, 492, 480, 509, 462, 467, 482 
510, 495, 527, 506, 496, 502, 542, 521, 482, 494, 483, 492, 511, 519, 530, 480, 491, 514, 463, 503, 494, 505, 513, 511, 504, 514, 511, 494, 496, 517, 447, 492, 509, 494, 508, 490, 486, 493, 499, 487, 495, 519, 536, 491, 500, 506, 488, 496, 489, 503, 498, 484, 492, 500, 513, 485, 507, 524, 498, 524, 542, 521, 529, 534, 485, 518, 496, 511, 494, 517, 476, 510, 515, 518, 529, 488, 502, 489, 533, 500, 496, 504, 494, 491, 512, 496, 509, 518, 476, 479, 499, 537, 497, 503, 484, 496 
501, 477, 501, 495, 494, 491, 471, 500, 481, 496, 486, 505, 516, 496, 484, 495, 491, 525, 493, 514, 486, 485, 476, 512, 514, 475, 511, 512, 483, 497, 534, 517, 501, 501, 495, 508, 496, 488, 506, 516, 486, 523, 484, 470, 523, 480, 496, 514, 521, 469, 493, 480, 541, 535, 524, 525, 496, 494, 536, 562, 533, 510, 539, 553, 499, 505, 494, 456, 481, 496, 509, 501, 513, 515, 504, 522, 496, 473, 484, 550, 495, 519, 525, 527, 489, 530, 510, 507, 513, 477, 475, 519, 491, 511, 483, 507 
513, 500, 503, 484, 482, 492, 522, 509, 537, 472, 536, 483, 501, 500, 510, 501, 517, 526, 513, 491, 522, 477, 497, 551, 493, 460, 494, 496, 517, 509, 495, 535, 495, 499, 533, 524, 512, 513, 474, 529, 497, 486, 501, 496, 514, 508, 522, 479, 522, 520, 513, 522, 510, 534, 525, 548, 500, 482, 561, 506, 529, 506, 546, 531, 499, 497, 561, 514, 503, 503, 513, 530, 497, 525, 503, 492, 501, 496, 494, 506, 520, 502, 473, 491, 495, 498, 523, 489, 511, 526, 501, 509, 507, 515, 488, 525 
498, 531, 507, 502, 490, 492, 491, 489, 498, 513, 528, 509, 487, 545, 522, 467, 509, 523, 500, 502, 474, 511, 525, 510, 524, 504, 529, 483, 486, 523, 523, 541, 511, 500, 479, 500, 491, 503, 512, 497, 479, 484, 486, 519, 488, 504, 497, 492, 528, 495, 491, 505, 516, 532, 525, 536, 527, 494, 537, 529, 488, 506, 500, 561, 490, 526, 519, 497, 490, 528, 477, 509, 522, 502, 539, 524, 477, 531, 505, 516, 528, 525, 479, 512, 499, 478, 497, 519, 501, 488, 521, 521, 485, 503, 506, 511 
516, 504, 538, 474, 486, 521, 506, 510, 507, 515, 510, 520, 507, 498, 505, 506, 503, 477, 505, 513, 495, 497, 509, 515, 497, 480, 517, 506, 540, 501, 521, 541, 534, 498, 511, 488, 516, 527, 531, 492, 501, 484, 508, 488, 480, 500, 501, 510, 490, 542, 498, 493, 502, 522, 550, 498, 540, 505, 551, 538, 537, 533, 525, 522, 501, 514, 493, 519, 526, 532, 516, 540, 516, 504, 493, 518, 545, 480, 495, 457, 499, 506, 469, 504, 514, 534, 519, 505, 468, 492, 498, 488, 492, 487, 464, 504 
489, 514, 505, 492, 521, 515, 504, 541, 491, 487, 497, 495, 530, 510, 546, 505, 476, 494, 481, 497, 526, 477, 507, 504, 531, 480, 522, 502, 514, 541, 501, 558, 517, 484, 484, 528, 506, 486, 523, 519, 495, 515, 517, 483, 504, 474, 515, 495, 476, 511, 517, 524, 530, 495, 533, 485, 513, 519, 494, 521, 519, 519, 526, 505, 513, 516, 532, 524, 500, 505, 507, 526, 505, 519, 516, 532, 490, 501, 513, 511, 497, 495, 498, 505, 500, 540, 509, 499, 533, 525, 507, 536, 481, 503, 499, 500 
492, 475, 495, 524, 495, 502, 521, 496, 499, 483, 477, 489, 493, 519, 487, 479, 544, 504, 528, 498, 495, 489, 509, 512, 518, 500, 490, 565, 511, 486, 532, 534, 472, 513, 521, 487, 510, 503, 491, 507, 508, 512, 494, 488, 484, 497, 469, 506, 482, 511, 505, 505, 503, 516, 511, 529, 501, 523, 545, 553, 510, 538, 531, 547, 479, 515, 499, 495, 544, 533, 475, 560, 528, 503, 501, 504, 498, 501, 497, 526, 510, 506, 504, 502, 509, 469, 495, 491, 555, 468, 499, 476, 494, 500, 528, 509 
495, 470, 527, 527, 517, 519, 534, 487, 500, 503, 510, 526, 498, 503, 510, 515, 506, 539, 498, 499, 490, 505, 524, 484, 507, 474, 509, 498, 505, 524, 499, 538, 481, 499, 495, 516, 517, 524, 478, 527, 510, 512, 456, 505, 502, 518, 470, 514, 507, 507, 531, 493, 507, 509, 519, 531, 509, 466, 537, 524, 534, 543, 548, 540, 507, 508, 514, 517, 541, 531, 494, 546, 480, 501, 493, 494, 500, 505, 477, 534, 516, 495, 493, 493, 493, 502, 488, 490, 452, 483, 501, 512, 510, 502, 544, 494 
494, 517, 507, 473, 515, 487, 507, 488, 483, 475, 507, 510, 480, 514, 498, 501, 493, 484, 520, 461, 521, 517, 486, 489, 502, 513, 511, 506, 500, 498, 497, 519, 465, 508, 477, 494, 503, 521, 513, 522, 507, 518, 496, 524, 506, 502, 520, 510, 521, 492, 520, 487, 513, 518, 480, 513, 490, 538, 528, 557, 507, 542, 571, 495, 492, 530, 566, 536, 535, 509, 508, 541, 463, 496, 491, 501, 522, 524, 495, 513, 490, 518, 519, 537, 475, 474, 471, 510, 509, 520, 494, 489, 494, 502, 504, 471 
506, 482, 492, 487, 494, 506, 471, 516, 535, 535, 514, 498, 516, 517, 481, 496, 491, 529, 508, 514, 480, 518, 530, 507, 509, 510, 515, 518, 506, 492, 542, 501, 513, 518, 529, 502, 505, 532, 515, 509, 508, 499, 497, 530, 527, 532, 531, 533, 478, 507, 511, 500, 479, 524, 497, 467, 493, 475, 529, 535, 535, 516, 513, 515, 540, 524, 553, 490, 534, 480, 524, 511, 519, 492, 520, 504, 522, 521, 474, 521, 514, 526, 495, 487, 504, 502, 510, 472, 486, 498, 484, 522, 509, 507, 511, 478 
478, 495, 473, 502, 504, 511, 517, 531, 502, 519, 510, 509, 502, 514, 512, 518, 527, 511, 497, 526, 507, 533, 510, 507, 498, 513, 522, 482, 510, 510, 513, 541, 502, 489, 498, 516, 490, 497, 499, 501, 504, 512, 491, 511, 500, 525, 507, 520, 525, 512, 490, 512, 486, 524, 465, 511, 510, 539, 527, 523, 565, 553, 536, 509, 500, 525, 536, 531, 515, 505, 497, 506, 548, 499, 480, 534, 482, 518, 508, 513, 516, 492, 513, 514, 495, 507, 482, 502, 517, 530, 503, 472, 533, 506, 527, 539 
509, 494, 511, 500, 504, 473, 527, 510, 531, 488, 501, 509, 500, 513, 492, 509, 495, 487, 504, 473, 501, 504, 492, 490, 499, 515, 506, 512, 506, 503, 523, 530, 479, 504, 466, 541, 513, 510, 524, 511, 506, 509, 487, 509, 548, 527, 517, 545, 493, 531, 503, 480, 496, 471, 462, 530, 545, 546, 524, 513, 546, 499, 527, 521, 515, 515, 536, 499, 530, 510, 523, 539, 522, 495, 494, 519, 537, 516, 505, 522, 539, 492, 499, 511, 514, 522, 554, 489, 468, 537, 498, 509, 504, 505, 488, 507 
467, 532, 537, 497, 497, 557, 515, 490, 506, 481, 544, 507, 495, 496, 511, 506, 488, 497, 506, 515, 496, 522, 506, 484, 503, 514, 547, 523, 521, 537, 475, 502, 463, 534, 507, 501, 487, 497, 467, 512, 510, 505, 530, 486, 551, 515, 539, 535, 499, 517, 516, 515, 499, 505, 516, 525, 563, 532, 585, 562, 525, 513, 525, 487, 529, 552, 512, 490, 537, 541, 490, 489, 514, 489, 495, 453, 511, 513, 507, 524, 512, 509, 506, 522, 490, 491, 503, 515, 507, 500, 499, 477, 502, 531, 501, 494 
500, 498, 475, 499, 503, 520, 492, 494, 459, 519, 512, 518, 488, 499, 493, 496, 506, 503, 469, 507, 492, 507, 508, 518, 535, 522, 472, 526, 534, 534, 521, 493, 508, 497, 505, 520, 522, 476, 523, 510, 518, 520, 476, 515, 525, 538, 528, 512, 517, 496, 500, 512, 522, 541, 515, 524, 555, 545, 555, 527, 523, 514, 511, 513, 528, 528, 557, 507, 492, 518, 513, 520, 527, 514, 526, 527, 502, 503, 496, 521, 492, 496, 519, 534, 487, 496, 513, 491, 487, 500, 502, 524, 527, 535, 496, 506 
487, 501, 482, 496, 536, 496, 497, 495, 478, 514, 482, 520, 527, 514, 529, 487, 509, 513, 507, 528, 519, 484, 495, 514, 510, 515, 514, 513, 524, 488, 539, 536, 492, 551, 517, 520, 497, 490, 490, 503, 523, 518, 486, 573, 514, 511, 473, 515, 487, 521, 517, 503, 530, 513, 537, 540, 548, 481, 522, 553, 506, 492, 528, 525, 544, 530, 509, 521, 507, 535, 554, 479, 536, 529, 498, 514, 478, 500, 497, 495, 496, 507, 492, 514, 486, 505, 528, 503, 518, 518, 505, 524, 498, 510, 523, 505 
510, 503, 507, 486, 482, 513, 515, 497, 507, 522, 509, 518, 531, 536, 520, 490, 504, 482, 497, 516, 506, 507, 519, 503, 516, 551, 519, 490, 545, 561, 549, 594, 500, 513, 477, 531, 530, 487, 536, 497, 508, 508, 503, 528, 494, 485, 521, 566, 498, 476, 521, 528, 520, 529, 531, 525, 498, 553, 509, 536, 518, 528, 515, 508, 504, 518, 560, 483, 528, 530, 531, 495, 519, 464, 518, 492, 504, 504, 502, 518, 497, 518, 468, 543, 533, 519, 502, 483, 504, 528, 498, 494, 513, 509, 489, 531 
498, 508, 521, 529, 481, 511, 485, 516, 488, 552, 500, 518, 556, 513, 505, 504, 496, 477, 473, 493, 509, 526, 508, 504, 497, 517, 529, 537, 551, 570, 559, 680, 503, 479, 505, 517, 534, 527, 510, 514, 510, 494, 504, 540, 523, 513, 527, 529, 461, 497, 525, 522, 504, 504, 531, 530, 528, 523, 530, 500, 526, 540, 496, 540, 526, 557, 521, 495, 524, 547, 535, 526, 535, 497, 525, 494, 534, 530, 521, 498, 536, 543, 531, 489, 485, 513, 477, 475, 488, 525, 516, 501, 542, 506, 491, 500 
518, 493, 486, 528, 498, 521, 505, 531, 502, 510, 538, 498, 519, 540, 519, 503, 482, 496, 532, 509, 539, 486, 535, 515, 489, 540, 533, 523, 580, 611, 639, 661, 495, 510, 520, 546, 518, 502, 524, 510, 500, 509, 493, 499, 501, 498, 543, 493, 496, 507, 499, 505, 494, 514, 546, 521, 495, 538, 541, 520, 581, 541, 529, 491, 540, 528, 508, 493, 513, 518, 482, 516, 493, 514, 516, 501, 482, 524, 490, 477, 511, 507, 520, 511, 510, 507, 503, 503, 483, 536, 479, 507, 505, 519, 513, 512 
534, 520, 517, 501, 516, 515, 513, 529, 513, 524, 513, 502, 517, 510, 493, 540, 502, 495, 506, 511, 515, 493, 502, 528, 515, 534, 558, 515, 570, 536, 622, 629, 497, 520, 540, 538, 552, 523, 528, 514, 531, 518, 521, 512, 476, 568, 516, 508, 494, 524, 497, 488, 544, 540, 517, 536, 523, 513, 517, 575, 610, 572, 514, 491, 527, 512, 496, 518, 552, 531, 515, 503, 459, 504, 492, 483, 500, 503, 513, 485, 496, 528, 528, 476, 475, 517, 528, 497, 501, 496, 508, 495, 487, 505, 517, 497 
536, 459, 531, 528, 503, 522, 526, 519, 493, 496, 513, 542, 473, 515, 517, 488, 512, 516, 514, 474, 497, 509, 505, 516, 525, 522, 535, 521, 513, 575, 558, 616, 556, 511, 564, 582, 577, 577, 562, 537, 505, 490, 542, 534, 541, 508, 523, 531, 499, 539, 538, 530, 548, 531, 498, 502, 510, 514, 568, 606, 613, 546, 537, 515, 525, 512, 503, 559, 530, 514, 526, 519, 488, 544, 480, 524, 504, 505, 522, 521, 503, 493, 505, 518, 513, 506, 512, 532, 532, 476, 489, 490, 487, 490, 504, 550 
505, 532, 505, 504, 468, 517, 496, 491, 508, 509, 522, 524, 489, 521, 545, 530, 514, 489, 513, 503, 490, 498, 508, 512, 518, 539, 510, 506, 551, 527, 559, 563, 554, 553, 544, 658, 617, 556, 563, 526, 519, 469, 528, 521, 503, 505, 545, 500, 502, 487, 497, 529, 510, 516, 508, 512, 517, 561, 659, 657, 556, 529, 499, 502, 540, 492, 533, 526, 523, 518, 517, 509, 492, 479, 515, 475, 523, 504, 459, 538, 544, 525, 506, 506, 525, 466, 452, 545, 492, 539, 523, 483, 528, 520, 494, 545 
508, 504, 518, 520, 518, 501, 483, 475, 532, 526, 531, 514, 509, 527, 486, 492, 543, 503, 530, 525, 517, 531, 537, 529, 500, 534, 532, 535, 547, 535, 562, 579, 551, 596, 615, 644, 689, 597, 555, 548, 535, 523, 542, 523, 505, 504, 549, 557, 530, 510, 510, 506, 488, 517, 543, 513, 541, 597, 716, 610, 535, 487, 522, 493, 496, 545, 523, 547, 528, 513, 519, 487, 506, 465, 520, 508, 521, 473, 489, 513, 497, 511, 474, 525, 520, 511, 495, 492, 513, 503, 515, 510, 487, 476, 519, 512 
531, 499, 502, 486, 555, 527, 518, 534, 505, 519, 456, 474, 506, 495, 520, 484, 506, 486, 487, 486, 473, 537, 534, 482, 462, 503, 527, 521, 554, 564, 552, 592, 583, 555, 577, 696, 665, 647, 548, 536, 517, 533, 538, 523, 526, 525, 530, 615, 520, 545, 534, 533, 514, 560, 531, 484, 578, 715, 677, 556, 507, 524, 508, 481, 520, 548, 558, 527, 516, 529, 511, 476, 488, 499, 518, 494, 499, 520, 508, 524, 488, 507, 513, 535, 500, 510, 530, 482, 494, 483, 496, 478, 484, 514, 484, 502 
505, 532, 519, 518, 519, 546, 501, 489, 485, 505, 523, 476, 549, 509, 502, 481, 517, 511, 461, 489, 484, 513, 507, 498, 512, 515, 527, 517, 535, 540, 520, 595, 567, 584, 545, 589, 632, 568, 569, 532, 538, 531, 499, 488, 528, 574, 606, 630, 511, 560, 524, 490, 559, 512, 516, 544, 582, 729, 688, 520, 518, 498, 514, 516, 509, 547, 522, 523, 509, 509, 511, 496, 483, 490, 480, 488, 518, 500, 520, 512, 489, 520, 478, 493, 493, 485, 506, 486, 511, 514, 528, 493, 489, 496, 488, 504 
500, 483, 514, 476, 472, 512, 509, 495, 526, 529, 493, 492, 488, 555, 477, 529, 496, 535, 451, 511, 492, 489, 498, 531, 514, 509, 548, 520, 566, 543, 562, 597, 542, 562, 558, 574, 600, 552, 562, 587, 523, 564, 519, 515, 556, 606, 655, 648, 546, 572, 506, 559, 532, 523, 520, 572, 638, 705, 580, 528, 526, 505, 491, 546, 544, 529, 539, 514, 514, 488, 507, 509, 498, 507, 469, 460, 478, 504, 511, 508, 502, 477, 492, 497, 528, 502, 490, 499, 510, 522, 512, 490, 505, 495, 475, 488 
482, 526, 535, 490, 489, 506, 484, 485, 453, 483, 467, 491, 497, 508, 497, 516, 496, 520, 517, 478, 506, 532, 528, 508, 529, 517, 521, 545, 509, 524, 604, 613, 543, 555, 553, 570, 533, 551, 579, 558, 498, 544, 519, 574, 623, 614, 626, 607, 540, 544, 508, 555, 543, 520, 512, 530, 685, 684, 551, 513, 497, 518, 517, 546, 562, 508, 528, 528, 510, 525, 533, 520, 506, 536, 503, 510, 514, 502, 495, 517, 524, 499, 493, 496, 495, 522, 515, 501, 503, 520, 521, 493, 514, 512, 524, 495 
523, 513, 484, 517, 465, 480, 464, 484, 492, 497, 509, 474, 527, 525, 522, 515, 524, 495, 551, 479, 525, 520, 537, 494, 507, 509, 539, 572, 522, 562, 634, 574, 511, 537, 570, 602, 551, 588, 655, 530, 575, 525, 545, 602, 653, 608, 610, 534, 534, 511, 541, 581, 531, 566, 498, 615, 714, 645, 547, 489, 537, 488, 508, 529, 517, 494, 528, 507, 508, 516, 501, 537, 521, 515, 500, 513, 492, 508, 507, 489, 524, 493, 510, 499, 502, 505, 528, 504, 486, 495, 503, 521, 492, 518, 504, 486 
503, 481, 480, 503, 476, 489, 507, 499, 508, 522, 492, 522, 502, 522, 484, 502, 496, 504, 513, 519, 508, 488, 522, 516, 532, 531, 531, 514, 538, 514, 609, 593, 528, 516, 604, 621, 618, 794, 653, 623, 625, 599, 646, 676, 604, 666, 558, 533, 553, 559, 556, 529, 505, 484, 524, 645, 665, 578, 557, 488, 480, 501, 520, 528, 533, 527, 538, 511, 512, 515, 530, 511, 486, 504, 517, 494, 471, 519, 500, 542, 517, 513, 515, 499, 494, 499, 497, 509, 535, 541, 509, 516, 521, 518, 516, 523 
479, 502, 518, 522, 479, 517, 476, 504, 520, 545, 509, 505, 484, 506, 517, 504, 526, 508, 499, 475, 505, 523, 514, 524, 546, 528, 525, 512, 541, 520, 588, 603, 545, 520, 639, 631, 798, 831, 690, 681, 587, 651, 624, 627, 661, 631, 554, 531, 537, 562, 568, 535, 531, 533, 569, 660, 603, 589, 477, 497, 514, 512, 500, 573, 513, 513, 519, 500, 524, 517, 511, 485, 501, 489, 521, 489, 523, 514, 489, 474, 500, 502, 485, 516, 501, 502, 529, 527, 517, 514, 498, 526, 489, 492, 479, 478 
498, 482, 503, 488, 487, 498, 492, 511, 472, 508, 495, 524, 507, 525, 520, 511, 480, 523, 503, 479, 514, 539, 500, 522, 550, 525, 520, 520, 549, 590, 635, 626, 494, 539, 596, 618, 794, 726, 691, 614, 660, 641, 630, 622, 694, 583, 546, 559, 528, 539, 536, 509, 530, 511, 577, 646, 587, 527, 519, 523, 499, 507, 585, 529, 511, 524, 532, 499, 538, 515, 492, 513, 522, 500, 539, 502, 497, 551, 526, 517, 534, 520, 514, 532, 477, 482, 521, 481, 503, 509, 510, 485, 512, 511, 505, 528 
474, 487, 510, 472, 507, 476, 490, 508, 512, 486, 464, 520, 495, 482, 504, 509, 522, 535, 493, 523, 505, 516, 558, 516, 511, 538, 546, 560, 568, 588, 590, 643, 549, 534, 556, 663, 654, 659, 603, 612, 612, 588, 569, 692, 641, 595, 582, 529, 565, 524, 558, 577, 536, 558, 586, 608, 560, 529, 540, 518, 528, 537, 557, 523, 540, 540, 518, 558, 520, 531, 503, 536, 501, 488, 523, 508, 503, 527, 484, 495, 524, 512, 503, 505, 524, 496, 530, 504, 489, 525, 505, 517, 499, 504, 514, 498 
525, 498, 485, 526, 520, 496, 527, 493, 501, 543, 468, 491, 523, 521, 504, 485, 468, 488, 504, 478, 519, 476, 491, 524, 518, 515, 542, 557, 567, 545, 569, 568, 583, 574, 618, 565, 571, 592, 607, 600, 580, 543, 674, 658, 578, 552, 560, 556, 542, 518, 543, 578, 550, 516, 533, 564, 517, 529, 558, 524, 540, 541, 519, 577, 505, 526, 540, 525, 472, 518, 513, 506, 528, 516, 498, 506, 495, 531, 487, 478, 502, 500, 496, 501, 519, 474, 515, 506, 506, 503, 499, 510, 504, 550, 476, 516 
502, 480, 531, 490, 505, 515, 494, 494, 528, 507, 500, 486, 510, 470, 532, 501, 539, 515, 524, 533, 498, 506, 497, 536, 542, 557, 565, 551, 550, 539, 590, 599, 580, 562, 529, 556, 564, 565, 627, 587, 555, 643, 718, 602, 586, 629, 544, 551, 514, 516, 591, 560, 558, 561, 590, 524, 534, 591, 524, 517, 542, 549, 509, 541, 505, 498, 568, 526, 504, 520, 508, 513, 527, 537, 524, 480, 519, 526, 489, 518, 501, 511, 518, 501, 500, 500, 508, 507, 506, 527, 457, 510, 465, 499, 485, 504 
515, 501, 491, 482, 512, 536, 485, 531, 514, 493, 497, 507, 487, 503, 508, 532, 493, 483, 503, 507, 502, 517, 528, 544, 552, 559, 545, 543, 565, 521, 526, 530, 606, 543, 539, 520, 549, 591, 633, 558, 565, 723, 722, 580, 602, 561, 531, 566, 512, 555, 600, 603, 541, 521, 560, 511, 581, 552, 511, 510, 529, 529, 547, 510, 505, 515, 513, 522, 495, 498, 518, 498, 484, 513, 494, 562, 487, 507, 492, 491, 531, 506, 500, 506, 480, 507, 523, 538, 538, 486, 495, 471, 488, 505, 523, 495 
486, 533, 497, 477, 488, 484, 477, 520, 512, 492, 521, 518, 509, 498, 497, 506, 491, 495, 504, 499, 480, 507, 507, 525, 544, 562, 540, 568, 502, 528, 539, 525, 570, 569, 580, 522, 549, 530, 568, 551, 659, 755, 630, 558, 530, 501, 522, 539, 524, 609, 669, 579, 565, 622, 547, 499, 555, 516, 515, 477, 519, 551, 530, 498, 513, 508, 488, 537, 536, 498, 498, 510, 499, 480, 494, 485, 518, 498, 499, 510, 498, 485, 499, 521, 525, 515, 513, 533, 489, 510, 494, 511, 491, 527, 506, 540 
501, 496, 511, 485, 480, 495, 491, 502, 494, 540, 507, 480, 487, 478, 503, 524, 514, 487, 500, 538, 497, 519, 526, 528, 534, 563, 528, 535, 520, 517, 541, 503, 558, 541, 553, 552, 524, 502, 487, 581, 699, 655, 600, 556, 518, 525, 521, 552, 571, 618, 715, 591, 636, 642, 529, 540, 535, 484, 529, 481, 538, 506, 549, 517, 543, 480, 490, 510, 476, 509, 511, 487, 525, 529, 503, 486, 484, 494, 510, 498, 521, 535, 486, 511, 473, 537, 487, 509, 497, 491, 509, 480, 535, 487, 511, 491 
516, 507, 479, 506, 502, 462, 509, 538, 498, 512, 478, 474, 509, 480, 503, 526, 498, 490, 498, 523, 524, 543, 522, 530, 556, 550, 547, 530, 537, 577, 544, 559, 528, 549, 600, 558, 540, 506, 566, 645, 618, 624, 640, 566, 505, 547, 489, 547, 603, 665, 621, 584, 692, 552, 530, 544, 551, 521, 509, 535, 489, 518, 543, 526, 515, 519, 522, 491, 514, 536, 498, 517, 529, 479, 495, 491, 504, 496, 554, 521, 511, 522, 474, 511, 500, 504, 556, 491, 498, 503, 495, 519, 492, 489, 486, 480 
470, 482, 494, 480, 501, 509, 520, 514, 484, 485, 484, 506, 511, 498, 506, 493, 529, 483, 536, 516, 531, 545, 532, 510, 518, 507, 516, 554, 546, 523, 526, 547, 519, 563, 550, 562, 535, 557, 588, 649, 617, 761, 624, 528, 567, 534, 541, 533, 627, 653, 594, 660, 669, 556, 552, 552, 531, 531, 544, 525, 518, 522, 516, 504, 510, 495, 486, 483, 530, 488, 516, 495, 499, 510, 497, 505, 493, 506, 523, 521, 493, 510, 486, 498, 524, 508, 478, 494, 531, 509, 481, 486, 480, 464, 530, 498 
497, 507, 482, 497, 496, 497, 494, 489, 509, 475, 520, 476, 514, 479, 505, 481, 496, 504, 502, 527, 538, 555, 523, 516, 522, 483, 512, 502, 517, 536, 537, 570, 535, 550, 541, 522, 525, 533, 617, 636, 736, 655, 526, 557, 598, 510, 535, 521, 633, 609, 607, 634, 580, 526, 518, 599, 523, 497, 541, 552, 569, 481, 482, 507, 527, 482, 492, 517, 502, 492, 528, 516, 508, 506, 518, 510, 489, 489, 520, 489, 479, 500, 483, 491, 527, 477, 511, 496, 511, 505, 503, 511, 471, 486, 517, 526 
511, 498, 483, 531, 530, 519, 517, 493, 526, 486, 511, 495, 535, 502, 488, 510, 532, 496, 573, 540, 570, 533, 515, 517, 505, 517, 537, 541, 498, 509, 553, 535, 570, 558, 534, 535, 492, 519, 555, 640, 685, 589, 574, 594, 524, 497, 534, 538, 655, 604, 640, 581, 557, 517, 566, 556, 524, 509, 550, 534, 543, 521, 501, 497, 538, 518, 498, 503, 485, 526, 513, 494, 533, 515, 480, 536, 509, 514, 507, 530, 495, 501, 512, 513, 480, 498, 479, 512, 494, 504, 495, 532, 513, 497, 516, 544 
484, 494, 473, 478, 502, 472, 491, 494, 487, 479, 472, 491, 508, 487, 513, 513, 525, 539, 524, 539, 494, 501, 522, 506, 504, 511, 505, 481, 517, 520, 557, 554, 583, 538, 570, 556, 520, 515, 553, 659, 562, 546, 630, 605, 495, 540, 537, 611, 591, 584, 595, 555, 566, 571, 559, 531, 519, 547, 530, 543, 493, 499, 510, 472, 518, 556, 565, 516, 477, 494, 501, 507, 500, 508, 519, 498, 538, 492, 542, 488, 505, 531, 490, 488, 486, 509, 480, 518, 488, 478, 498, 490, 494, 490, 513, 517 
480, 488, 521, 507, 487, 515, 516, 473, 521, 503, 518, 499, 486, 513, 512, 525, 499, 527, 513, 501, 519, 498, 496, 531, 519, 506, 503, 489, 474, 533, 526, 546, 546, 522, 590, 554, 513, 531, 609, 585, 547, 604, 674, 550, 531, 568, 562, 558, 514, 523, 580, 588, 536, 550, 535, 548, 540, 534, 534, 528, 525, 544, 506, 521, 552, 540, 534, 473, 498, 498, 514, 474, 481, 511, 523, 522, 506, 516, 513, 508, 508, 503, 503, 510, 497, 523, 500, 541, 523, 518, 525, 520, 517, 499, 500, 484 
454, 497, 532, 488, 510, 518, 535, 524, 504, 512, 502, 521, 468, 480, 519, 510, 484, 515, 508, 537, 499, 505, 542, 506, 501, 513, 530, 517, 539, 531, 550, 545, 555, 557, 601, 566, 542, 543, 566, 531, 535, 649, 582, 545, 553, 585, 600, 570, 510, 517, 586, 565, 518, 527, 519, 542, 511, 524, 531, 505, 478, 497, 463, 501, 527, 537, 493, 522, 484, 512, 482, 496, 520, 500, 518, 461, 489, 534, 495, 536, 490, 523, 485, 495, 486, 481, 504, 474, 492, 491, 517, 504, 504, 503, 481, 502 
491, 504, 485, 506, 487, 460, 504, 501, 497, 489, 484, 513, 494, 504, 517, 494, 486, 522, 558, 493, 502, 493, 500, 519, 524, 493, 509, 484, 539, 535, 581, 559, 521, 567, 615, 588, 538, 524, 598, 524, 571, 611, 497, 571, 562, 572, 550, 587, 530, 527, 584, 544, 516, 515, 505, 530, 527, 479, 511, 515, 544, 518, 523, 500, 539, 531, 523, 515, 484, 528, 498, 516, 505, 490, 511, 529, 500, 482, 472, 496, 526, 504, 504, 486, 539, 491, 500, 529, 474, 522, 503, 473, 495, 489, 507, 503 
482, 530, 517, 499, 480, 531, 486, 479, 505, 458, 485, 493, 497, 492, 511, 506, 493, 500, 506, 541, 494, 527, 517, 509, 502, 504, 480, 505, 553, 535, 522, 585, 545, 592, 672, 596, 526, 579, 500, 521, 573, 503, 501, 539, 550, 532, 522, 540, 547, 565, 632, 505, 512, 496, 505, 490, 512, 537, 515, 537, 511, 523, 514, 511, 532, 510, 485, 496, 493, 513, 477, 522, 531, 509, 518, 500, 520, 502, 494, 505, 512, 499, 511, 495, 504, 502, 494, 534, 503, 479, 519, 524, 483, 502, 496, 519 
482, 483, 484, 498, 520, 478, 487, 510, 475, 467, 499, 490, 489, 493, 489, 509, 515, 479, 495, 534, 497, 492, 474, 517, 514, 509, 526, 541, 550, 560, 556, 525, 599, 624, 687, 579, 582, 564, 538, 555, 517, 545, 520, 538, 540, 541, 541, 519, 547, 592, 573, 547, 535, 499, 517, 546, 519, 555, 502, 501, 498, 490, 526, 515, 527, 515, 484, 467, 486, 526, 510, 512, 526, 496, 521, 506, 506, 504, 530, 506, 525, 515, 502, 496, 517, 492, 459, 486, 510, 524, 469, 496, 510, 509, 510, 498 
486, 502, 494, 485, 509, 497, 494, 505, 495, 518, 518, 481, 510, 515, 506, 506, 505, 497, 485, 461, 483, 479, 510, 522, 480, 539, 539, 536, 530, 520, 480, 504, 516, 647, 615, 678, 619, 527, 536, 569, 512, 529, 526, 562, 561, 549, 496, 505, 580, 655, 619, 558, 528, 487, 573, 522, 524, 486, 493, 521, 515, 502, 499, 500, 510, 499, 493, 536, 532, 493, 487, 517, 531, 526, 531, 487, 501, 496, 511, 517, 504, 463, 490, 501, 510, 517, 481, 484, 489, 485, 483, 502, 486, 505, 491, 493 
520, 473, 488, 489, 515, 497, 513, 508, 504, 492, 489, 486, 511, 505, 506, 512, 486, 517, 500, 481, 496, 454, 510, 498, 507, 521, 523, 564, 513, 510, 502, 492, 548, 571, 654, 718, 568, 584, 574, 540, 487, 504, 549, 570, 603, 486, 510, 498, 631, 632, 614, 538, 513, 529, 563, 529, 550, 499, 495, 515, 510, 482, 508, 526, 537, 518, 523, 495, 555, 508, 503, 505, 540, 551, 509, 525, 494, 506, 535, 489, 533, 498, 475, 518, 491, 503, 478, 508, 484, 501, 490, 469, 496, 477, 510, 494 
496, 478, 488, 527, 459, 500, 490, 490, 496, 499, 525, 513, 529, 510, 520, 478, 510, 506, 474, 521, 523, 492, 514, 513, 527, 503, 518, 505, 536, 454, 512, 541, 560, 550, 673, 589, 573, 619, 607, 553, 552, 533, 547, 620, 526, 536, 531, 519, 621, 604, 604, 508, 561, 611, 602, 539, 512, 537, 507, 488, 467, 482, 518, 526, 546, 522, 490, 489, 525, 469, 521, 482, 522, 499, 516, 496, 515, 516, 507, 519, 504, 499, 487, 503, 497, 506, 499, 518, 523, 514, 484, 512, 489, 514, 492, 538 
535, 486, 491, 481, 499, 522, 512, 491, 519, 476, 482, 495, 509, 465, 499, 489, 478, 512, 508, 488, 497, 475, 492, 508, 475, 504, 505, 480, 529, 493, 525, 504, 501, 574, 582, 555, 649, 644, 576, 580, 541, 530, 568, 556, 540, 535, 535, 515, 573, 596, 561, 528, 645, 657, 586, 563, 530, 541, 528, 496, 533, 514, 492, 513, 484, 520, 470, 495, 502, 508, 515, 501, 540, 533, 506, 479, 470, 492, 531, 491, 499, 475, 493, 508, 495, 511, 532, 488, 516, 518, 512, 481, 490, 501, 519, 502 
499, 513, 491, 483, 516, 524, 493, 516, 531, 510, 517, 527, 500, 522, 540, 502, 477, 489, 519, 480, 493, 520, 510, 509, 492, 510, 533, 493, 483, 512, 514, 524, 553, 514, 537, 617, 701, 657, 620, 665, 575, 501, 566, 565, 567, 535, 538, 516, 594, 586, 552, 540, 651, 653, 584, 528, 515, 508, 522, 500, 508, 530, 525, 506, 540, 518, 479, 511, 519, 523, 495, 507, 535, 512, 540, 498, 496, 535, 523, 517, 507, 470, 510, 518, 526, 504, 505, 506, 490, 505, 493, 529, 518, 512, 518, 502 
469, 485, 493, 494, 488, 481, 498, 535, 504, 500, 509, 493, 489, 500, 480, 513, 547, 479, 486, 475, 502, 504, 521, 518, 509, 501, 486, 513, 516, 522, 550, 492, 559, 532, 567, 611, 619, 641, 656, 671, 553, 534, 557, 543, 563, 490, 519, 493, 566, 508, 546, 663, 606, 586, 582, 536, 505, 529, 508, 487, 488, 520, 512, 524, 510, 501, 484, 496, 510, 494, 504, 520, 474, 498, 503, 479, 489, 540, 526, 482, 500, 503, 491, 524, 491, 486, 501, 514, 555, 513, 510, 521, 509, 516, 482, 492 
492, 505, 496, 497, 504, 514, 466, 511, 503, 506, 513, 503, 506, 486, 477, 499, 513, 524, 532, 512, 495, 505, 496, 503, 509, 502, 513, 507, 516, 546, 524, 515, 556, 544, 562, 555, 553, 628, 697, 629, 559, 609, 597, 529, 520, 519, 527, 543, 504, 564, 621, 697, 571, 564, 594, 519, 518, 507, 548, 504, 514, 514, 525, 465, 495, 513, 511, 559, 507, 492, 503, 527, 529, 497, 506, 506, 521, 498, 500, 486, 537, 503, 501, 523, 471, 529, 490, 505, 500, 499, 497, 473, 493, 543, 509, 548 
515, 508, 458, 485, 512, 484, 495, 503, 505, 532, 525, 479, 494, 510, 489, 520, 473, 478, 533, 505, 495, 514, 506, 492, 515, 503, 495, 489, 510, 518, 489, 556, 548, 501, 550, 566, 592, 675, 655, 563, 602, 679, 614, 571, 537, 528, 526, 536, 536, 636, 631, 579, 548, 540, 535, 518, 494, 536, 524, 495, 548, 525, 556, 529, 512, 515, 508, 517, 506, 494, 518, 501, 514, 482, 486, 489, 519, 501, 478, 485, 487, 477, 492, 506, 498, 491, 505, 545, 494, 516, 497, 487, 484, 495, 513, 493 
493, 491, 500, 507, 485, 527, 476, 482, 499, 500, 500, 506, 524, 514, 527, 472, 496, 513, 501, 512, 518, 489, 505, 489, 504, 509, 537, 508, 505, 528, 525, 496, 568, 568, 526, 527, 618, 635, 607, 579, 724, 679, 538, 499, 539, 516, 539, 509, 568, 654, 568, 537, 534, 535, 506, 518, 535, 530, 524, 560, 511, 504, 545, 479, 514, 504, 521, 526, 505, 491, 503, 479, 487, 501, 539, 502, 491, 451, 507, 506, 529, 511, 478, 496, 525, 498, 507, 501, 503, 490, 502, 536, 501, 494, 487, 542 
531, 524, 506, 502, 510, 466, 500, 494, 530, 502, 528, 492, 496, 522, 491, 547, 511, 518, 515, 502, 522, 540, 501, 531, 536, 543, 527, 522, 491, 491, 471, 521, 605, 561, 516, 582, 606, 647, 574, 588, 660, 551, 566, 517, 478, 557, 561, 527, 593, 568, 528, 492, 555, 519, 492, 554, 536, 508, 505, 522, 510, 511, 496, 510, 535, 521, 493, 534, 477, 500, 507, 477, 489, 502, 510, 515, 495, 500, 495, 527, 516, 509, 500, 521, 511, 506, 511, 502, 494, 482, 505, 515, 503, 504, 504, 464 
491, 502, 480, 506, 482, 494, 474, 502, 509, 484, 492, 494, 483, 512, 523, 488, 490, 507, 498, 497, 531, 503, 509, 500, 543, 518, 496, 520, 510, 508, 504, 482, 611, 544, 579, 607, 618, 669, 582, 557, 542, 527, 515, 517, 500, 513, 562, 501, 596, 518, 520, 521, 513, 540, 540, 529, 531, 531, 500, 513, 476, 494, 506, 509, 503, 499, 526, 482, 522, 481, 508, 503, 505, 500, 511, 510, 511, 490, 493, 528, 502, 503, 498, 511, 475, 479, 500, 503, 502, 510, 506, 518, 516, 510, 517, 502 
486, 471, 523, 514, 499, 504, 513, 502, 479, 495, 508, 492, 491, 496, 495, 512, 489, 508, 497, 547, 499, 504, 495, 520, 506, 497, 526, 506, 458, 505, 506, 522, 550, 569, 633, 583, 644, 674, 576, 516, 488, 522, 528, 501, 518, 540, 532, 526, 553, 527, 491, 548, 514, 548, 570, 570, 537, 510, 512, 492, 549, 500, 526, 471, 501, 523, 499, 499, 506, 517, 519, 520, 490, 503, 527, 447, 498, 489, 512, 506, 527, 474, 525, 500, 539, 512, 560, 533, 487, 513, 521, 523, 486, 520, 506, 514 
496, 473, 491, 499, 499, 479, 520, 504, 499, 521, 542, 519, 510, 518, 491, 514, 484, 493, 477, 489, 501, 489, 550, 523, 497, 514, 535, 464, 498, 492, 471, 499, 558, 642, 615, 574, 694, 634, 541, 523, 522, 513, 527, 510, 547, 573, 531, 516, 546, 543, 502, 521, 532, 582, 551, 497, 556, 534, 517, 507, 501, 526, 522, 527, 519, 521, 500, 534, 497, 518, 523, 517, 500, 508, 523, 522, 507, 523, 510, 497, 480, 495, 529, 496, 499, 497, 482, 477, 454, 472, 496, 509, 492, 508, 502, 494 
496, 524, 497, 487, 496, 524, 510, 502, 501, 491, 491, 492, 500, 469, 530, 491, 474, 491, 488, 510, 529, 521, 503, 511, 531, 494, 522, 492, 529, 515, 516, 529, 572, 580, 516, 604, 661, 611, 537, 546, 532, 501, 566, 531, 557, 549, 515, 505, 488, 530, 524, 532, 571, 549, 561, 529, 495, 498, 497, 501, 545, 492, 542, 514, 480, 491, 471, 546, 499, 514, 455, 504, 504, 500, 524, 522, 467, 505, 514, 515, 503, 491, 524, 514, 472, 488, 528, 517, 475, 490, 527, 501, 487, 490, 509, 516 
476, 501, 523, 462, 504, 527, 486, 508, 501, 515, 511, 516, 475, 502, 502, 550, 513, 519, 524, 512, 491, 517, 501, 474, 508, 486, 513, 490, 490, 530, 503, 510, 539, 531, 536, 578, 619, 555, 561, 569, 532, 553, 579, 546, 561, 538, 529, 520, 523, 526, 518, 518, 540, 517, 542, 512, 505, 529, 507, 524, 537, 502, 486, 484, 517, 506, 497, 504, 520, 518, 516, 500, 517, 490, 511, 509, 517, 494, 506, 500, 471, 493, 505, 497, 492, 485, 494, 497, 505, 477, 495, 484, 497, 491, 506, 517 
498, 494, 519, 486, 470, 509, 501, 483, 503, 539, 542, 494, 502, 526, 510, 469, 506, 527, 572, 516, 511, 501, 519, 475, 521, 529, 460, 538, 486, 514, 494, 513, 518, 500, 531, 523, 566, 510, 580, 539, 541, 552, 488, 524, 532, 477, 509, 506, 497, 529, 515, 518, 515, 485, 514, 512, 482, 530, 524, 519, 487, 501, 536, 525, 553, 553, 513, 482, 505, 479, 523, 517, 497, 537, 487, 521, 463, 524, 479, 516, 529, 505, 507, 491, 509, 489, 510, 527, 493, 543, 504, 466, 496, 505, 524, 498 
507, 479, 533, 481, 506, 488, 507, 498, 516, 527, 490, 475, 484, 490, 527, 489, 516, 507, 490, 469, 474, 506, 487, 485, 499, 514, 488, 519, 509, 496, 519, 532, 497, 541, 505, 534, 529, 572, 580, 544, 525, 503, 571, 554, 506, 517, 514, 535, 512, 576, 516, 511, 535, 538, 492, 515, 527, 492, 546, 505, 508, 477, 499, 527, 521, 502, 489, 508, 511, 526, 514, 504, 515, 481, 513, 490, 507, 526, 523, 536, 503, 487, 492, 511, 506, 540, 504, 493, 510, 476, 486, 492, 480, 501, 524, 491 
518, 462, 485, 480, 470, 492, 487, 506, 508, 532, 520, 508, 481, 501, 493, 538, 500, 506, 495, 471, 491, 470, 472, 449, 496, 506, 498, 514, 504, 533, 493, 513, 487, 499, 483, 503, 557, 575, 550, 535, 522, 520, 515, 527, 498, 474, 521, 521, 492, 538, 519, 535, 518, 524, 471, 516, 532, 514, 512, 518, 509, 500, 534, 525, 502, 499, 533, 491, 547, 497, 480, 486, 521, 509, 482, 509, 503, 490, 513, 469, 508, 518, 525, 470, 527, 472, 525, 499, 523, 504, 514, 529, 472, 536, 516, 508 
494, 521, 493, 502, 513, 505, 494, 491, 529, 482, 479, 509, 498, 499, 514, 521, 534, 498, 507, 482, 511, 525, 504, 506, 478, 478, 498, 494, 514, 516, 489, 511, 543, 531, 477, 497, 568, 564, 519, 560, 536, 511, 530, 518, 500, 502, 522, 494, 522, 563, 504, 542, 502, 500, 520, 528, 538, 517, 513, 522, 495, 488, 500, 519, 492, 527, 533, 507, 534, 477, 473, 503, 496, 508, 501, 500, 512, 486, 489, 535, 488, 526, 500, 496, 515, 535, 510, 486, 479, 498, 491, 529, 491, 468, 535, 488 
509, 503, 508, 521, 476, 481, 481, 492, 501, 467, 503, 506, 492, 518, 532, 496, 499, 492, 519, 515, 512, 501, 499, 496, 491, 508, 479, 493, 511, 505, 501, 535, 525, 497, 511, 491, 531, 508, 520, 520, 518, 528, 528, 485, 517, 481, 551, 515, 537, 539, 487, 506, 501, 541, 549, 549, 485, 506, 515, 512, 507, 483, 495, 519, 497, 514, 495, 556, 510, 535, 507, 496, 475, 514, 500, 491, 514, 532, 503, 462, 493, 515, 495, 487, 528, 514, 490, 484, 524, 521, 466, 496, 535, 519, 513, 525 
491, 517, 500, 525, 526, 511, 490, 515, 483, 516, 504, 495, 526, 498, 520, 493, 529, 511, 498, 487, 498, 502, 509, 484, 487, 505, 485, 506, 519, 543, 507, 507, 521, 486, 539, 514, 518, 533, 540, 499, 534, 488, 513, 505, 513, 500, 509, 493, 495, 523, 501, 524, 516, 518, 528, 521, 542, 518, 523, 544, 495, 516, 498, 499, 504, 493, 506, 474, 499, 455, 501, 513, 485, 481, 514, 489, 510, 489, 523, 507, 484, 518, 484, 508, 504, 538, 510, 509, 494, 473, 521, 490, 508, 512, 487, 531 
519, 526, 548, 518, 476, 512, 491, 516, 465, 528, 518, 540, 496, 497, 478, 492, 504, 500, 520, 484, 496, 459, 508, 531, 528, 488, 486, 489, 489, 537, 534, 509, 510, 526, 510, 499, 503, 485, 505, 513, 516, 514, 530, 478, 537, 494, 503, 531, 528, 532, 514, 537, 543, 547, 514, 503, 505, 507, 539, 491, 531, 522, 526, 494, 517, 498, 519, 508, 531, 478, 490, 541, 492, 534, 503, 477, 499, 532, 489, 494, 458, 518, 499, 520, 488, 523, 528, 493, 532, 479, 539, 528, 492, 495, 520, 477 
510, 514, 502, 507, 465, 493, 502, 497, 500, 539, 493, 530, 494, 516, 473, 504, 511, 502, 516, 507, 492, 508, 460, 500, 484, 534, 533, 521, 466, 516, 504, 513, 525, 513, 505, 533, 514, 529, 503, 488, 516, 512, 502, 527, 506, 490, 532, 503, 528, 477, 558, 538, 549, 534, 537, 539, 519, 548, 509, 478, 527, 497, 517, 502, 534, 506, 512, 488, 502, 498, 505, 499, 519, 506, 496, 479, 480, 520, 482, 532, 518, 485, 540, 506, 486, 507, 498, 491, 503, 489, 483, 487, 494, 529, 490, 539 
513, 503, 478, 505, 455, 516, 503, 501, 498, 523, 471, 487, 522, 532, 494, 508, 508, 517, 484, 476, 510, 516, 500, 495, 483, 521, 532, 493, 561, 517, 511, 528, 509, 510, 511, 514, 522, 500, 507, 506, 525, 500, 487, 496, 536, 548, 524, 507, 531, 505, 540, 538, 519, 507, 523, 537, 537, 495, 504, 527, 491, 502, 505, 477, 531, 503, 487, 508, 509, 508, 482, 522, 511, 505, 484, 487, 541, 518, 495, 502, 518, 565, 489, 482, 500, 519, 516, 499, 486, 454, 510, 495, 486, 502, 514, 503 
508, 493, 524, 503, 481, 506, 474, 511, 493, 495, 512, 507, 482, 482, 502, 467, 488, 533, 468, 493, 529, 536, 536, 524, 536, 514, 494, 532, 487, 511, 484, 516, 495, 518, 527, 555, 503, 508, 504, 532, 509, 522, 492, 488, 525, 507, 511, 528, 527, 495, 558, 522, 549, 528, 521, 490, 545, 512, 508, 509, 505, 496, 548, 531, 505, 494, 520, 521, 523, 520, 487, 510, 527, 505, 505, 501, 491, 495, 527, 536, 506, 521, 502, 523, 531, 533, 482, 484, 510, 496, 513, 493, 470, 516, 516, 531 
502, 506, 503, 524, 523, 482, 508, 519, 489, 503, 505, 515, 497, 502, 512, 486, 521, 549, 521, 497, 521, 491, 518, 527, 531, 492, 539, 509, 495, 491, 505, 505, 483, 515, 526, 505, 500, 536, 535, 500, 482, 527, 525, 495, 537, 565, 488, 486, 498, 541, 532, 527, 484, 523, 522, 513, 529, 495, 517, 531, 509, 479, 513, 500, 505, 514, 528, 535, 487, 534, 533, 523, 498, 489, 473, 509, 533, 466, 500, 506, 524, 499, 522, 503, 489, 501, 482, 515, 498, 518, 482, 495, 503, 511, 510, 530 
495, 496, 486, 513, 476, 507, 509, 484, 532, 521, 495, 508, 473, 480, 502, 528, 511, 484, 495, 514, 512, 483, 517, 522, 489, 511, 510, 507, 482, 494, 519, 524, 524, 498, 474, 502, 503, 498, 493, 485, 509, 517, 488, 541, 500, 469, 516, 494, 519, 546, 497, 515, 525, 496, 504, 505, 508, 473, 513, 482, 510, 491, 502, 484, 497, 496, 517, 508, 490, 472, 497, 504, 511, 511, 515, 530, 483, 502, 488, 509, 545, 474, 485, 484, 499, 531, 486, 513, 494, 485, 477, 515, 489, 506, 515, 513 
511, 470, 486, 515, 514, 525, 509, 467, 486, 501, 515, 499, 491, 506, 491, 484, 527, 499, 485, 499, 504, 490, 526, 519, 481, 488, 515, 502, 491, 511, 507, 535, 513, 487, 547, 490, 518, 539, 502, 508, 516, 507, 518, 553, 492, 471, 506, 503, 529, 529, 514, 505, 512, 505, 513, 509, 498, 498, 479, 495, 536, 495, 509, 502, 548, 543, 509, 497, 492, 536, 525, 507, 501, 535, 511, 496, 514, 512, 500, 485, 516, 504, 504, 521, 483, 492, 503, 510, 501, 472, 499, 511, 482, 471, 485, 510 
507, 517, 523, 526, 465, 469, 493, 473, 461, 501, 525, 501, 503, 490, 494, 511, 504, 516, 525, 526, 482, 542, 503, 512, 500, 503, 507, 472, 491, 532, 521, 529, 534, 506, 535, 526, 525, 545, 508, 474, 502, 520, 504, 525, 537, 494, 514, 508, 519, 520, 508, 501, 547, 494, 513, 491, 517, 494, 507, 480, 526, 518, 509, 573, 535, 502, 501, 497, 529, 495, 495, 479, 492, 498, 514, 489, 511, 505, 524, 507, 496, 503, 507, 509, 486, 491, 500, 497, 497, 496, 529, 497, 506, 486, 509, 475 
496, 512, 496, 496, 498, 500, 521, 501, 503, 506, 529, 518, 515, 518, 522, 512, 505, 516, 496, 503, 470, 484, 506, 497, 503, 488, 494, 505, 496, 488, 476, 497, 504, 515, 493, 497, 501, 519, 526, 525, 496, 520, 532, 486, 542, 492, 498, 505, 531, 487, 492, 515, 481, 517, 506, 516, 481, 551, 526, 486, 511, 488, 496, 508, 506, 476, 500, 532, 500, 520, 485, 524, 491, 496, 469, 536, 496, 519, 516, 503, 497, 523, 505, 528, 508, 501, 513, 502, 504, 491, 493, 468, 503, 505, 517, 502 
482, 482, 485, 499, 485, 505, 479, 521, 494, 512, 464, 494, 503, 508, 491, 506, 505, 525, 492, 510, 476, 511, 463, 508, 514, 490, 470, 509, 522, 498, 490, 515, 511, 501, 506, 517, 518, 506, 494, 518, 531, 485, 516, 464, 523, 524, 509, 502, 495, 505, 500, 524, 546, 508, 487, 511, 512, 505, 464, 511, 509, 529, 496, 498, 538, 501, 499, 494, 518, 479, 494, 515, 528, 523, 517, 476, 510, 478, 513, 464, 493, 478, 494, 501, 531, 479, 515, 497, 477, 497, 504, 523, 502, 513, 487, 514 
506, 505, 532, 523, 465, 529, 511, 509, 473, 518, 507, 479, 493, 486, 528, 484, 530, 501, 500, 500, 499, 504, 527, 510, 487, 533, 522, 507, 496, 479, 492, 504, 516, 524, 508, 530, 511, 501, 506, 481, 546, 508, 513, 521, 501, 514, 489, 494, 517, 505, 543, 511, 500, 501, 494, 525, 511, 503, 520, 501, 545, 517, 489, 493, 488, 510, 512, 507, 509, 491, 552, 494, 483, 493, 507, 492, 517, 490, 489, 491, 521, 523, 501, 505, 531, 493, 515, 556, 518, 541, 483, 491, 509, 512, 530, 502 
513, 535, 494, 502, 535, 504, 467, 501, 508, 482, 525, 516, 500, 493, 489, 517, 536, 543, 543, 496, 499, 489, 492, 492, 458, 513, 530, 486, 518, 512, 500, 505, 489, 496, 513, 505, 478, 500, 522, 512, 519, 531, 488, 531, 517, 526, 496, 495, 498, 537, 521, 506, 525, 512, 497, 514, 537, 487, 523, 494, 491, 501, 495, 522, 482, 516, 498, 531, 478, 476, 488, 500, 537, 513, 492, 498, 512, 500, 479, 522, 520, 531, 533, 525, 517, 480, 520, 509, 465, 486, 494, 505, 514, 519, 496, 491 
